{
  "data_loading": {
    "unoptimized": {
      "time": 0.02303624153137207,
      "memory_mb": 3.163982391357422
    },
    "optimized": {
      "time": 0.010154962539672852,
      "memory_mb": 1.9921836853027344
    }
  },
  "grid_lookup": {
    "brute_force": 0.0037403106689453125,
    "vectorized": 0.0006494522094726562,
    "spatial_index": 0.0021681785583496094,
    "speedup_vec": 5.759177679882526,
    "speedup_index": 1.725093468220805
  },
  "prediction": {
    "single": 0.37447381019592285,
    "batch": 0.004395484924316406,
    "speedup": 85.19510739856801
  },
  "sampling": {
    "random": {
      "time": 0.0013132095336914062,
      "size": 5000
    },
    "per_grid": {
      "time": 7.8401525020599365,
      "size": 30718
    }
  }
}